FILENAME,IDENTITY
(a) Benzyl Penicillin-1.png,(a) benzyl penicillin
(a) Benzyl Penicillin-2.png,(a) benzyl penicillin
(a) Benzyl Penicillin-3.png,(a) benzyl penicillin
(a) Benzyl Penicillin-5.png,(a) benzyl penicillin
(a) Benzyl Penicillin.png,(a) benzyl penicillin
(a) Oxytetracyclline-1.png,(a) oxytetracyclline
(a) Oxytetracyclline-3.png,(a) oxytetracyclline
(a) Oxytetracyclline-4.png,(a) oxytetracyclline
(a) Oxytetracyclline-5.png,(a) oxytetracyclline
(a) Propanolol-1.png,(a) propanolol
(a) Propanolol-2.png,(a) propanolol
(a) Propanolol-3.png,(a) propanolol
(a) Propanolol-4.png,(a) propanolol
(a) Propanolol-5.png,(a) propanolol
(a) Propanolol.png,(a) propanolol
(b) Benzathine Benzyl Penicillin-1.png,(b) benzathine benzyl penicillin
(b) Benzathine Benzyl Penicillin-2.png,(b) benzathine benzyl penicillin
(b) Benzathine Benzyl Penicillin-3.png,(b) benzathine benzyl penicillin
(b) Benzathine Benzyl Penicillin-4.png,(b) benzathine benzyl penicillin
(b) Benzathine Benzyl Penicillin.png,(b) benzathine benzyl penicillin
(b) Chlortetracycline-1.png,(b) chlortetracycline
(b) Chlortetracycline-2.png,(b) chlortetracycline
(b) Chlortetracycline-3.png,(b) chlortetracycline
(b) Chlortetracycline-4.png,(b) chlortetracycline
(b) Chlortetracycline-5.png,(b) chlortetracycline
(b) Chlortetracycline.png,(b) chlortetracycline
(b) Isopreterenol-1.png,(b) isopreterenol
(b) Isopreterenol-2.png,(b) isopreterenol
(b) Isopreterenol-4.png,(b) isopreterenol
(b) Isopreterenol-5.png,(b) isopreterenol
(b) Isopreterenol.png,(b) isopreterenol
(c) Doxycycline-2.png,(c) doxycycline
(c) Doxycycline-3.png,(c) doxycycline
(c) Doxycycline-4.png,(c) doxycycline
(c) Procane Benzyl Penicillin-1.png,(c) procane benzyl penicillin
(c) Procane Benzyl Penicillin-3.png,(c) procane benzyl penicillin
(c) Procane Benzyl Penicillin-5.png,(c) procane benzyl penicillin
(c) Procane Benzyl Penicillin.png,(c) procane benzyl penicillin
(c) Sotalol-1.png,(c) sotalol
(c) Sotalol-2.png,(c) sotalol
(c) Sotalol-4.png,(c) sotalol
(c) Sotalol-5.png,(c) sotalol
(c) Sotalol.png,(c) sotalol
(d) Dichloro Isopreterenol-1.png,(d) dichloro isopreterenol
(d) Dichloro Isopreterenol-2.png,(d) dichloro isopreterenol
(d) Dichloro Isopreterenol-4.png,(d) dichloro isopreterenol
(d) Dichloro Isopreterenol-5.png,(d) dichloro isopreterenol
(d) Phenoxymethylpenicilin-1.png,(d) phenoxymethylpenicilin
(d) Phenoxymethylpenicilin-2.png,(d) phenoxymethylpenicilin
(d) Phenoxymethylpenicilin-3.png,(d) phenoxymethylpenicilin
(d) Phenoxymethylpenicilin-4.png,(d) phenoxymethylpenicilin
(d) Phenoxymethylpenicilin-5.png,(d) phenoxymethylpenicilin
(d) Phenoxymethylpenicilin.png,(d) phenoxymethylpenicilin
(e) cloxacillin-1.png,(e) cloxacillin
(e) cloxacillin-2.png,(e) cloxacillin
(e) cloxacillin-3.png,(e) cloxacillin
(e) cloxacillin-4.png,(e) cloxacillin
(e) cloxacillin.png,(e) cloxacillin
(f) Ampicillin-1.png,(f) ampicillin
(f) Ampicillin-2.png,(f) ampicillin
(f) Ampicillin-3.png,(f) ampicillin
(f) Ampicillin-4.png,(f) ampicillin
(f) Ampicillin.png,(f) ampicillin
(g) Amoxycilin-1.png,(g) amoxycilin
(g) Amoxycilin-2.png,(g) amoxycilin
(g) Amoxycilin-3.png,(g) amoxycilin
(g) Amoxycilin-4.png,(g) amoxycilin
6 – Mercaptopurine-3.png,6 - mercaptopurine
6 – Mercaptopurine.png,6 - mercaptopurine
Acepromazin Maliate-1.png,acepromazin maliate
Acepromazin Maliate-2.png,acepromazin maliate
Acepromazin Maliate-3.png,acepromazin maliate
Acepromazin Maliate-5.png,acepromazin maliate
Acetazolamide-1.png,acetazolamide
Acetazolamide-2.png,acetazolamide
Acetazolamide-3.png,acetazolamide
Acetazolamide-4.png,acetazolamide
Acetazolamide-5.png,acetazolamide
Acetazolamide.png,acetazolamide
Aceterphin hydrochloride-2.png,aceterphin hydrochloride
Aceterphin hydrochloride-3.png,aceterphin hydrochloride
Aceterphin hydrochloride-4.png,aceterphin hydrochloride
Aceterphin hydrochloride-5.png,aceterphin hydrochloride
Aceterphin hydrochloride.png,aceterphin hydrochloride
Acetyl dihydrocodeine-1.png,acetyl dihydrocodeine
Acetyl dihydrocodeine-2.png,acetyl dihydrocodeine
Acetyl dihydrocodeine-4.png,acetyl dihydrocodeine
Acetyl dihydrocodeine-5.png,acetyl dihydrocodeine
Acetyl dihydrocodeine.png,acetyl dihydrocodeine
Acetyl dihydrocodinon-2.png,acetyl dihydrocodinon
Acetyl dihydrocodinon-3.png,acetyl dihydrocodinon
Acetyl dihydrocodinon-4.png,acetyl dihydrocodinon
Acetyl dihydrocodinon-5.png,acetyl dihydrocodinon
Acetyl methadol-2.png,acetyl methadol
Acetyl methadol-3.png,acetyl methadol
Acetyl methadol-4.png,acetyl methadol
Acetyl methadol-5.png,acetyl methadol
Acetyl methadol.png,acetyl methadol
Active Ingredients of Marijuana-1.png,active ingredients of marijuana
Active Ingredients of Marijuana-2.png,active ingredients of marijuana
Active Ingredients of Marijuana-4.png,active ingredients of marijuana
Active Ingredients of Marijuana-5.png,active ingredients of marijuana
Active Ingredients of Marijuana.png,active ingredients of marijuana
Allopurinol-3.png,allopurinol
Allopurinol-5.png,allopurinol
Allopurinol.png,allopurinol
Allyl prodine-1.png,allyl prodine
Allyl prodine-2.png,allyl prodine
Allyl prodine-3.png,allyl prodine
Allyl prodine-4.png,allyl prodine
Allyl prodine-5.png,allyl prodine
Allyl prodine.png,allyl prodine
Alpha acetyl methadol-1.png,alpha acetyl methadol
Alpha acetyl methadol-2.png,alpha acetyl methadol
Alpha acetyl methadol-3.png,alpha acetyl methadol
Alpha acetyl methadol-4.png,alpha acetyl methadol
Alpha acetyl methadol-5.png,alpha acetyl methadol
Alpha acetyl methadol.png,alpha acetyl methadol
Alpha meprodine-1.png,alpha meprodine
Alpha meprodine-2.png,alpha meprodine
Alpha meprodine-3.png,alpha meprodine
Alpha meprodine-4.png,alpha meprodine
Alpha meprodine-5.png,alpha meprodine
Alpha meprodine.png,alpha meprodine
Alpha methadol-1.png,alpha methadol
Alpha methadol-2.png,alpha methadol
Alpha methadol-3.png,alpha methadol
Alpha methadol-4.png,alpha methadol
Alpha methadol-5.png,alpha methadol
Alpha methadol.png,alpha methadol
Alpha prodine-2.png,alpha prodine
Alpha prodine-3.png,alpha prodine
Alpha prodine-4.png,alpha prodine
Alpha prodine-5.png,alpha prodine
Alpha prodine.png,alpha prodine
Alprazolam-1.png,alprazolam
Alprazolam-2.png,alprazolam
Alprazolam-3.png,alprazolam
Alprazolam-5.png,alprazolam
Alprazolam.png,alprazolam
Alyl Isopropyle Acetyl Uuria-2.png,alyl isopropyle acetyl uuria
Alyl Isopropyle Acetyl Uuria-3.png,alyl isopropyle acetyl uuria
Alyl Isopropyle Acetyl Uuria-4.png,alyl isopropyle acetyl uuria
Alyl Isopropyle Acetyl Uuria-5.png,alyl isopropyle acetyl uuria
Alyl Isopropyle Acetyl Uuria.png,alyl isopropyle acetyl uuria
Amayl Nitrite-2.png,amayl nitrite
Amayl Nitrite-3.png,amayl nitrite
Amayl Nitrite-4.png,amayl nitrite
Amayl Nitrite-5.png,amayl nitrite
Amayl Nitrite.png,amayl nitrite
Aminopterin-1.png,aminopterin
Aminopterin-2.png,aminopterin
Aminopterin-3.png,aminopterin
Aminopterin-4.png,aminopterin
Aminopterin-5.png,aminopterin
Amipramine-1.png,amipramine
Amipramine-2.png,amipramine
Amipramine-3.png,amipramine
Amipramine-4.png,amipramine
Amipramine-5.png,amipramine
Amipramine.png,amipramine
Amitriptyline-2.png,amitriptyline
Amitriptyline-3.png,amitriptyline
Amitriptyline-4.png,amitriptyline
Amitriptyline-5.png,amitriptyline
Amobarbital-1.png,amobarbital
Amobarbital-2.png,amobarbital
Amobarbital-3.png,amobarbital
Amobarbital-4.png,amobarbital
Amobarbital-5.png,amobarbital
Amobarbital.png,amobarbital
Amphetamin-1.png,amphetamin
Amphetamin-2.png,amphetamin
Amphetamin-4.png,amphetamin
Amphetamin-5.png,amphetamin
Amphetamin.png,amphetamin
Amphotericin B-1.png,amphotericin b
Amphotericin B-2.png,amphotericin b
Amphotericin B-3.png,amphotericin b
Amphotericin B-4.png,amphotericin b
Amphotericin B-5.png,amphotericin b
Amphotericin B.png,amphotericin b
Anileridine-1.png,anileridine
Anileridine-2.png,anileridine
Anileridine-3.png,anileridine
Anileridine-4.png,anileridine
Anileridine-5.png,anileridine
Anti Rabies Serum-1.png,anti rabies serum
Anti Rabies Serum-2.png,anti rabies serum
Anti Rabies Serum-3.png,anti rabies serum
Anti Rabies Serum-5.png,anti rabies serum
Anti Rabies Serum.png,anti rabies serum
Antigen-3.png,antigen
Antigen-5.png,antigen
Antigen.png,antigen
Antimani Potasium Tartrate-1.png,antimani potasium tartrate
Antimani Potasium Tartrate-2.png,antimani potasium tartrate
Antimani Potasium Tartrate-3.png,antimani potasium tartrate
Antimani Potasium Tartrate-4.png,antimani potasium tartrate
Antimani Potasium Tartrate-5.png,antimani potasium tartrate
Antitoxin-1.png,antitoxin
Antitoxin-2.png,antitoxin
Antitoxin-3.png,antitoxin
Antitoxin-4.png,antitoxin
Antitoxin-5.png,antitoxin
Antivenom-1.png,antivenom
Antivenom-2.png,antivenom
Antivenom-3.png,antivenom
Antivenom-4.png,antivenom
Antivenom.png,antivenom
Apomorphine-1.png,apomorphine
Apomorphine-2.png,apomorphine
Apomorphine-3.png,apomorphine
Apomorphine-5.png,apomorphine
Arsenic and It’s compound-1.png,arsenic and it's compound
Arsenic and It’s compound-2.png,arsenic and it's compound
Arsenic and It’s compound-3.png,arsenic and it's compound
Arsenic and It’s compound-4.png,arsenic and it's compound
Arsenic and It’s compound-5.png,arsenic and it's compound
Azamaline and Its compounds-1.png,azamaline and its compounds
Azamaline and Its compounds-2.png,azamaline and its compounds
Azamaline and Its compounds-3.png,azamaline and its compounds
Azamaline and Its compounds-4.png,azamaline and its compounds
Azamaline and Its compounds-5.png,azamaline and its compounds
Azapentine-1.png,azapentine
Azapentine-2.png,azapentine
Azapentine-3.png,azapentine
Azapentine-4.png,azapentine
Azapentine.png,azapentine
Azathioprine-3.png,azathioprine
Azathioprine-4.png,azathioprine
Azathioprine-5.png,azathioprine
Azathioprine.png,azathioprine
Bancomycin-1.png,bancomycin
Bancomycin-2.png,bancomycin
Bancomycin-3.png,bancomycin
Bancomycin-4.png,bancomycin
Bancomycin.png,bancomycin
Barbital-1.png,barbital
Barbital-2.png,barbital
Barbital-3.png,barbital
Barbital-5.png,barbital
Barbital.png,barbital
Bendrofluazide-1.png,bendrofluazide
Bendrofluazide-2.png,bendrofluazide
Bendrofluazide-4.png,bendrofluazide
Bendrofluazide-5.png,bendrofluazide
Bendrofluazide.png,bendrofluazide
Benoctizine-2.png,benoctizine
Benoctizine-3.png,benoctizine
Benoctizine-4.png,benoctizine
Benoctizine-5.png,benoctizine
Benzithidine-3.png,benzithidine
Benzithidine-4.png,benzithidine
Benzithidine.png,benzithidine
Benzitramide-2.png,benzitramide
Benzitramide-3.png,benzitramide
Benzitramide-5.png,benzitramide
Benzocaine-1.png,benzocaine
Benzocaine-2.png,benzocaine
Benzocaine-3.png,benzocaine
Benzocaine-4.png,benzocaine
Benzocaine-5.png,benzocaine
Benzocaine.png,benzocaine
Benzoistrol-2.png,benzoistrol
Benzoistrol-3.png,benzoistrol
Benzoistrol-4.png,benzoistrol
Benzoistrol-5.png,benzoistrol
Benzyl morphine-2.png,benzyl morphine
Benzyl morphine-4.png,benzyl morphine
Benzyl morphine-5.png,benzyl morphine
Benzyl morphine.png,benzyl morphine
Berium or Its compound except Berium sulphate-1.png,berium or its compound except berium sulphate
Berium or Its compound except Berium sulphate-2.png,berium or its compound except berium sulphate
Berium or Its compound except Berium sulphate-3.png,berium or its compound except berium sulphate
Berium or Its compound except Berium sulphate-4.png,berium or its compound except berium sulphate
Berium or Its compound except Berium sulphate.png,berium or its compound except berium sulphate
Betamethasone-1.png,betamethasone
Betamethasone-2.png,betamethasone
Betamethasone-3.png,betamethasone
Betamethasone-4.png,betamethasone
Betamethasone-5.png,betamethasone
Betamethasone.png,betamethasone
Biperidine-1.png,biperidine
Biperidine-2.png,biperidine
Biperidine-3.png,biperidine
Biperidine-4.png,biperidine
Biperidine-5.png,biperidine
Bita acetyl methadol-1.png,bita acetyl methadol
Bita acetyl methadol-2.png,bita acetyl methadol
Bita acetyl methadol-3.png,bita acetyl methadol
Bita acetyl methadol-5.png,bita acetyl methadol
Bitablockers-1.png,bitablockers
Bitablockers-2.png,bitablockers
Bitablockers-3.png,bitablockers
Bitablockers-5.png,bitablockers
Bitablockers.png,bitablockers
Bitameprodine-1.png,bitameprodine
Bitameprodine-2.png,bitameprodine
Bitameprodine-3.png,bitameprodine
Bitameprodine-4.png,bitameprodine
Bitamethadole-1.png,bitamethadole
Bitamethadole-3.png,bitamethadole
Bitamethadole-4.png,bitamethadole
Bitamethadole-5.png,bitamethadole
Bitamethadole.png,bitamethadole
Bitaprodine-1.png,bitaprodine
Bitaprodine-2.png,bitaprodine
Bitaprodine-4.png,bitaprodine
Bitaprodine-5.png,bitaprodine
Brethilium Tosilate-1.png,brethilium tosilate
Brethilium Tosilate-2.png,brethilium tosilate
Brethilium Tosilate-3.png,brethilium tosilate
Brethilium Tosilate-4.png,brethilium tosilate
Brethilium Tosilate-5.png,brethilium tosilate
Brethilium Tosilate.png,brethilium tosilate
Bufetenin-1.png,bufetenin
Bufetenin-2.png,bufetenin
Bufetenin-3.png,bufetenin
Bufetenin-4.png,bufetenin
Bufetenin-5.png,bufetenin
Bufetenin.png,bufetenin
Buprenorphine-2.png,buprenorphine
Buprenorphine-3.png,buprenorphine
Buprenorphine-4.png,buprenorphine
Buprenorphine-5.png,buprenorphine
Buprenorphine.png,buprenorphine
Busulphan-1.png,busulphan
Busulphan-2.png,busulphan
Busulphan-3.png,busulphan
Busulphan-4.png,busulphan
Busulphan-5.png,busulphan
Busulphan.png,busulphan
Butyl cloral Hydrate-1.png,butyl cloral hydrate
Butyl cloral Hydrate-2.png,butyl cloral hydrate
Butyl cloral Hydrate-3.png,butyl cloral hydrate
Butyl cloral Hydrate.png,butyl cloral hydrate
Canamycin-2.png,canamycin
Canamycin-5.png,canamycin
Canamycin.png,canamycin
Cantharidine-1.png,cantharidine
Cantharidine-2.png,cantharidine
Cantharidine-3.png,cantharidine
Cantharidine-4.png,cantharidine
Captodine-1.png,captodine
Captodine-2.png,captodine
Captodine-3.png,captodine
Captodine-4.png,captodine
Captodine-5.png,captodine
Carbacoal-2.png,carbacoal
Carbacoal-3.png,carbacoal
Carbacoal-4.png,carbacoal
Carbomycin-1.png,carbomycin
Carbomycin-2.png,carbomycin
Carbomycin-3.png,carbomycin
Carbomycin-4.png,carbomycin
Carbomycin.png,carbomycin
Carbutamide-1.png,carbutamide
Carbutamide-2.png,carbutamide
Carbutamide-3.png,carbutamide
Carbutamide-4.png,carbutamide
Carbutamide-5.png,carbutamide
Carbutamide.png,carbutamide
Cartisone-1.png,cartisone
Cartisone-2.png,cartisone
Cartisone-3.png,cartisone
Cartisone-5.png,cartisone
Cartisone.png,cartisone
Chlophazimine-1.png,chlophazimine
Chlophazimine-3.png,chlophazimine
Chlophazimine-4.png,chlophazimine
Chlophazimine-5.png,chlophazimine
Chlor Promazine-2.png,chlor promazine
Chlor Promazine-5.png,chlor promazine
Chlor Promazine.png,chlor promazine
Chlorambucil-1.png,chlorambucil
Chlorambucil-3.png,chlorambucil
Chlorambucil-4.png,chlorambucil
Chlorambucil-5.png,chlorambucil
Chloramphenicol-1.png,chloramphenicol
Chloramphenicol-2.png,chloramphenicol
Chloramphenicol-3.png,chloramphenicol
Chloramphenicol-4.png,chloramphenicol
Chloramphenicol-5.png,chloramphenicol
Chloramphenicol.png,chloramphenicol
Chlordiazepoxide-1.png,chlordiazepoxide
Chlordiazepoxide-2.png,chlordiazepoxide
Chlordiazepoxide-3.png,chlordiazepoxide
Chlordiazepoxide-4.png,chlordiazepoxide
Chlordiazepoxide-5.png,chlordiazepoxide
Chlorisandamin chloride-2.png,chlorisandamin chloride
Chlorisandamin chloride-3.png,chlorisandamin chloride
Chlorisandamin chloride-4.png,chlorisandamin chloride
Chlorisandamin chloride-5.png,chlorisandamin chloride
Chlorisandamin chloride.png,chlorisandamin chloride
Chlormezanon-2.png,chlormezanon
Chlormezanon-3.png,chlormezanon
Chlormezanon-4.png,chlormezanon
Chloro Prothioxine-1.png,chloro prothioxine
Chloro Prothioxine-3.png,chloro prothioxine
Chloro Prothioxine-4.png,chloro prothioxine
Chloroform-2.png,chloroform
Chloroform-3.png,chloroform
Chloroform-4.png,chloroform
Chloroform.png,chloroform
Chloromethene Hydrochloride-1.png,chloromethene hydrochloride
Chloromethene Hydrochloride-2.png,chloromethene hydrochloride
Chloromethene Hydrochloride-5.png,chloromethene hydrochloride
Chloromethene Hydrochloride.png,chloromethene hydrochloride
Chloropropamide-1.png,chloropropamide
Chloropropamide-2.png,chloropropamide
Chloropropamide-4.png,chloropropamide
Chloropropamide-5.png,chloropropamide
Chlorothiazide-1.png,chlorothiazide
Chlorothiazide-2.png,chlorothiazide
Chlorothiazide-4.png,chlorothiazide
Chlorothiazide-5.png,chlorothiazide
Chlorothiazide.png,chlorothiazide
Cilocine-1.png,cilocine
Cilocine-2.png,cilocine
Cilocine-3.png,cilocine
Cilocine-4.png,cilocine
Cilocine-5.png,cilocine
Cilocine.png,cilocine
Cilocybin-1.png,cilocybin
Cilocybin-2.png,cilocybin
Cilocybin-3.png,cilocybin
Cilocybin-4.png,cilocybin
Cilocybin-5.png,cilocybin
Cilocybin.png,cilocybin
Clobazam-1.png,clobazam
Clobazam-2.png,clobazam
Clobazam-4.png,clobazam
Clobazam-5.png,clobazam
Clonazepam-1.png,clonazepam
Clonazepam-2.png,clonazepam
Clonazepam-3.png,clonazepam
Clonazepam-4.png,clonazepam
Clonazepam-5.png,clonazepam
Clonazepam.png,clonazepam
Clonitazine-2.png,clonitazine
Clonitazine-3.png,clonitazine
Clonitazine-4.png,clonitazine
Clonitazine-5.png,clonitazine
Cloral Butane-1.png,cloral butane
Cloral Butane-3.png,cloral butane
Cloral Butane-4.png,cloral butane
Cloral Butane-5.png,cloral butane
Cloral Hydrate-1.png,cloral hydrate
Cloral Hydrate-2.png,cloral hydrate
Cloral Hydrate-3.png,cloral hydrate
Cloral Hydrate-4.png,cloral hydrate
Cloral Hydrate-5.png,cloral hydrate
Cloral Hydrate.png,cloral hydrate
Cloral Pharmamide-1.png,cloral pharmamide
Cloral Pharmamide-2.png,cloral pharmamide
Cloral Pharmamide-5.png,cloral pharmamide
Cloral Pharmamide.png,cloral pharmamide
Cloro Hexadol-1.png,cloro hexadol
Cloro Hexadol-2.png,cloro hexadol
Cloro Hexadol-3.png,cloro hexadol
Cloro Hexadol-4.png,cloro hexadol
Cloro Hexadol-5.png,cloro hexadol
Cloro Hexadol.png,cloro hexadol
Cocaine-1.png,cocaine
Cocaine-3.png,cocaine
Cocaine-5.png,cocaine
Codeine Methyl Bromide-1.png,codeine methyl bromide
Codeine Methyl Bromide-2.png,codeine methyl bromide
Codeine Methyl Bromide-3.png,codeine methyl bromide
Codeine Methyl Bromide-4.png,codeine methyl bromide
Codeine Methyl Bromide.png,codeine methyl bromide
Codeine-2.png,codeine
Codeine-4.png,codeine
Codeine-5.png,codeine
Codeine–N–oxide-1.png,codeine-n-oxide
Codeine–N–oxide-2.png,codeine-n-oxide
Codeine–N–oxide-3.png,codeine-n-oxide
Codeine–N–oxide-4.png,codeine-n-oxide
Codeine–N–oxide-5.png,codeine-n-oxide
Codoxim-1.png,codoxim
Codoxim-2.png,codoxim
Codoxim-4.png,codoxim
Codoxim-5.png,codoxim
Codoxim.png,codoxim
Conin-1.png,conin
Conin-2.png,conin
Conin-3.png,conin
Conin-4.png,conin
Conin-5.png,conin
Cyclopenthiazide-1.png,cyclopenthiazide
Cyclopenthiazide-2.png,cyclopenthiazide
Cyclopenthiazide-3.png,cyclopenthiazide
Cyclopenthiazide-4.png,cyclopenthiazide
Cyclopenthiazide-5.png,cyclopenthiazide
Cyclopenthiazide.png,cyclopenthiazide
Cyclophosphamide-1.png,cyclophosphamide
Cyclophosphamide-2.png,cyclophosphamide
Cyclophosphamide-3.png,cyclophosphamide
Cyclophosphamide-4.png,cyclophosphamide
Cyclophosphamide-5.png,cyclophosphamide
Cyclophosphamide.png,cyclophosphamide
Cyprine phine-1.png,cyprine phine
Cyprine phine-2.png,cyprine phine
Cyprine phine-3.png,cyprine phine
Cyprine phine-4.png,cyprine phine
Cyprine phine-5.png,cyprine phine
Cyprine phine.png,cyprine phine
Dapsone-1.png,dapsone
Dapsone-5.png,dapsone
Dapsone.png,dapsone
Desomorphine-2.png,desomorphine
Desomorphine-3.png,desomorphine
Desomorphine-4.png,desomorphine
Desomorphine-5.png,desomorphine
Desomorphine.png,desomorphine
Dexamethasone-1.png,dexamethasone
Dexamethasone-2.png,dexamethasone
Dexamethasone-3.png,dexamethasone
Dexamethasone-4.png,dexamethasone
Dexamethasone-5.png,dexamethasone
Dexamethasone.png,dexamethasone
Dextran 40-1.png,dextran 40
Dextran 40-2.png,dextran 40
Dextran 40-4.png,dextran 40
Dextran 40-5.png,dextran 40
Dextran 70-1.png,dextran 70
Dextran 70-2.png,dextran 70
Dextran 70-3.png,dextran 70
Dextran 70-4.png,dextran 70
Dextran 70-5.png,dextran 70
Dextran 70.png,dextran 70
Dextro Moramide-1.png,dextro moramide
Dextro Moramide-2.png,dextro moramide
Dextro Moramide-3.png,dextro moramide
Dextro Moramide-4.png,dextro moramide
Dextro Moramide-5.png,dextro moramide
Dextro Moramide.png,dextro moramide
Dextropropoxyphene-1.png,dextropropoxyphene
Dextropropoxyphene-3.png,dextropropoxyphene
Dextropropoxyphene-5.png,dextropropoxyphene
Dextropropoxyphene.png,dextropropoxyphene
Dextroraphan-1.png,dextroraphan
Dextroraphan-3.png,dextroraphan
Dextroraphan-4.png,dextroraphan
Dextroraphan-5.png,dextroraphan
Dhatura-2.png,dhatura
Dhatura-3.png,dhatura
Dhatura-5.png,dhatura
Dhatura.png,dhatura
Diamprenmide-1.png,diamprenmide
Diamprenmide-2.png,diamprenmide
Diamprenmide-3.png,diamprenmide
Diamprenmide-4.png,diamprenmide
Diamprenmide-5.png,diamprenmide
Diamprenmide.png,diamprenmide
Diazepam-1.png,diazepam
Diazepam-2.png,diazepam
Diazepam-3.png,diazepam
Diazepam-4.png,diazepam
Diazepam-5.png,diazepam
Diethyl thyambutine-1.png,diethyl thyambutine
Diethyl thyambutine-2.png,diethyl thyambutine
Diethyl thyambutine-3.png,diethyl thyambutine
Diethyl thyambutine-5.png,diethyl thyambutine
Diethyl thyambutine.png,diethyl thyambutine
Diethyl triptamin-2.png,diethyl triptamin
Diethyl triptamin-3.png,diethyl triptamin
Diethyl triptamin-5.png,diethyl triptamin
Digitalics and Its Glycosides-1.png,digitalics and its glycosides
Digitalics and Its Glycosides-3.png,digitalics and its glycosides
Digitalics and Its Glycosides-4.png,digitalics and its glycosides
Digitalics and Its Glycosides-5.png,digitalics and its glycosides
Digitalics and Its Glycosides.png,digitalics and its glycosides
Dihydro Codeine-1.png,dihydro codeine
Dihydro Codeine-2.png,dihydro codeine
Dihydro Codeine-3.png,dihydro codeine
Dihydro Codeine-5.png,dihydro codeine
Dihydro Codeine.png,dihydro codeine
Dihydro Codeinone-2.png,dihydro codeinone
Dihydro Codeinone-3.png,dihydro codeinone
Dihydro Codeinone-4.png,dihydro codeinone
Dihydro Codeinone.png,dihydro codeinone
Dihydro hydroxy Codeinone-1.png,dihydro hydroxy codeinone
Dihydro hydroxy Codeinone-2.png,dihydro hydroxy codeinone
Dihydro hydroxy Codeinone-3.png,dihydro hydroxy codeinone
Dihydro hydroxy Codeinone-4.png,dihydro hydroxy codeinone
Dihydro hydroxy Codeinone-5.png,dihydro hydroxy codeinone
Dihydro hydroxy Codeinone.png,dihydro hydroxy codeinone
Dihydro morphine-1.png,dihydro morphine
Dihydro morphine-2.png,dihydro morphine
Dihydro morphine-3.png,dihydro morphine
Dihydro morphine-4.png,dihydro morphine
Dihydro morphine-5.png,dihydro morphine
Dihydro morphine.png,dihydro morphine
Dihydroxy Dyhydro morphine hydrochloride-1.png,dihydroxy dyhydro morphine hydrochloride
Dihydroxy Dyhydro morphine hydrochloride-2.png,dihydroxy dyhydro morphine hydrochloride
Dihydroxy Dyhydro morphine hydrochloride-3.png,dihydroxy dyhydro morphine hydrochloride
Dihydroxy Dyhydro morphine hydrochloride.png,dihydroxy dyhydro morphine hydrochloride
Dimenoxadole-1.png,dimenoxadole
Dimenoxadole-2.png,dimenoxadole
Dimenoxadole-3.png,dimenoxadole
Dimenoxadole-4.png,dimenoxadole
Dimenoxadole-5.png,dimenoxadole
Dimenoxadole.png,dimenoxadole
Dimephoptanole-1.png,dimephoptanole
Dimephoptanole-3.png,dimephoptanole
Dimephoptanole-4.png,dimephoptanole
Dimephoptanole-5.png,dimephoptanole
Dimercoprol-2.png,dimercoprol
Dimercoprol-3.png,dimercoprol
Dimercoprol-4.png,dimercoprol
Dimercoprol-5.png,dimercoprol
Dimethyl Thyambutine-3.png,dimethyl thyambutine
Dimethyl Thyambutine-4.png,dimethyl thyambutine
Dimethyl Thyambutine-5.png,dimethyl thyambutine
Dimethyl Thyambutine.png,dimethyl thyambutine
Dioxaphetyle Butieret-1.png,dioxaphetyle butieret
Dioxaphetyle Butieret-2.png,dioxaphetyle butieret
Dioxaphetyle Butieret-4.png,dioxaphetyle butieret
Dioxaphetyle Butieret-5.png,dioxaphetyle butieret
Dioxaphetyle Butieret.png,dioxaphetyle butieret
Diphenyl Pyraline Hydrochloride-2.png,diphenyl pyraline hydrochloride
Diphenyl Pyraline Hydrochloride-3.png,diphenyl pyraline hydrochloride
Diphenyl Pyraline Hydrochloride-4.png,diphenyl pyraline hydrochloride
Diphenyl Pyraline Hydrochloride-5.png,diphenyl pyraline hydrochloride
Dipipanone-1.png,dipipanone
Dipipanone-2.png,dipipanone
Dipipanone-3.png,dipipanone
Dipipanone-4.png,dipipanone
Dipipanone-5.png,dipipanone
Dipipanone.png,dipipanone
Disulphiram-1.png,disulphiram
Disulphiram-2.png,disulphiram
Disulphiram-3.png,disulphiram
Disulphiram-4.png,disulphiram
Disulphiram-5.png,disulphiram
Di–isopropyle Flurophosponate-1.png,di-isopropyle flurophosponate
Di–isopropyle Flurophosponate-2.png,di-isopropyle flurophosponate
Di–isopropyle Flurophosponate-3.png,di-isopropyle flurophosponate
Di–isopropyle Flurophosponate-4.png,di-isopropyle flurophosponate
Di–isopropyle Flurophosponate-5.png,di-isopropyle flurophosponate
Di–isopropyle Flurophosponate.png,di-isopropyle flurophosponate
Dymethyl triptamin-1.png,dymethyl triptamin
Dymethyl triptamin-3.png,dymethyl triptamin
Dymethyl triptamin-4.png,dymethyl triptamin
Dymethyl triptamin-5.png,dymethyl triptamin
Echonite Alcolide-1.png,echonite alcolide
Echonite Alcolide-2.png,echonite alcolide
Echonite Alcolide-3.png,echonite alcolide
Echonite Alcolide-4.png,echonite alcolide
Echonite Alcolide-5.png,echonite alcolide
Edrenocarticotropic Hermons-1.png,edrenocarticotropic hermons
Edrenocarticotropic Hermons-2.png,edrenocarticotropic hermons
Edrenocarticotropic Hermons-5.png,edrenocarticotropic hermons
Edrenocarticotropic Hermons.png,edrenocarticotropic hermons
Endomethacin-1.png,endomethacin
Endomethacin-2.png,endomethacin
Endomethacin-3.png,endomethacin
Endomethacin-4.png,endomethacin
Epinephrine-5.png,epinephrine
Epinephrine.png,epinephrine
Epiyol-1.png,epiyol
Epiyol-3.png,epiyol
Epiyol-4.png,epiyol
Ergot Alcolide and Its Derivatives-1.png,ergot alcolide and its derivatives
Ergot Alcolide and Its Derivatives-2.png,ergot alcolide and its derivatives
Ergot Alcolide and Its Derivatives-3.png,ergot alcolide and its derivatives
Ergot Alcolide and Its Derivatives-4.png,ergot alcolide and its derivatives
Ergot Alcolide and Its Derivatives-5.png,ergot alcolide and its derivatives
Erythrityle Tetranitrate-1.png,erythrityle tetranitrate
Erythrityle Tetranitrate-2.png,erythrityle tetranitrate
Erythrityle Tetranitrate-3.png,erythrityle tetranitrate
Erythrityle Tetranitrate-4.png,erythrityle tetranitrate
Erythrityle Tetranitrate.png,erythrityle tetranitrate
Erythromycin-2.png,erythromycin
Erythromycin-4.png,erythromycin
Erythromycin-5.png,erythromycin
Erythromycin.png,erythromycin
Ethambutol-1.png,ethambutol
Ethambutol-2.png,ethambutol
Ethambutol-3.png,ethambutol
Ethambutol-4.png,ethambutol
Ethambutol-5.png,ethambutol
Ethambutol.png,ethambutol
Ethchlor Vinyl-1.png,ethchlor vinyl
Ethchlor Vinyl-2.png,ethchlor vinyl
Ethchlor Vinyl-3.png,ethchlor vinyl
Ethchlor Vinyl-4.png,ethchlor vinyl
Ethchlor Vinyl-5.png,ethchlor vinyl
Ethchlor Vinyl.png,ethchlor vinyl
Ether-1.png,ether
Ether-2.png,ether
Ether-3.png,ether
Ether-5.png,ether
Ether.png,ether
Ethinamet-1.png,ethinamet
Ethinamet-2.png,ethinamet
Ethinamet-5.png,ethinamet
Ethinamet.png,ethinamet
Ethinylestradiol-2.png,ethinylestradiol
Ethinylestradiol.png,ethinylestradiol
Ethosoximide-1.png,ethosoximide
Ethosoximide-2.png,ethosoximide
Ethosoximide-3.png,ethosoximide
Ethosoximide.png,ethosoximide
Ethyl methyl Thyambutine-1.png,ethyl methyl thyambutine
Ethyl methyl Thyambutine-2.png,ethyl methyl thyambutine
Ethyl methyl Thyambutine-3.png,ethyl methyl thyambutine
Ethyl methyl Thyambutine-4.png,ethyl methyl thyambutine
Ethyl methyl Thyambutine.png,ethyl methyl thyambutine
Ethyl morphine-1.png,ethyl morphine
Ethyl morphine-2.png,ethyl morphine
Ethyl morphine-3.png,ethyl morphine
Ethyl morphine-4.png,ethyl morphine
Ethyl morphine-5.png,ethyl morphine
Ethylmorphine-1.png,ethylmorphine
Ethylmorphine-2.png,ethylmorphine
Ethylmorphine-3.png,ethylmorphine
Ethylmorphine-4.png,ethylmorphine
Ethylmorphine-5.png,ethylmorphine
Ethylmorphine.png,ethylmorphine
Etoceridine-2.png,etoceridine
Etoceridine-4.png,etoceridine
Etoceridine-5.png,etoceridine
Etomorphine-1.png,etomorphine
Etomorphine-2.png,etomorphine
Etomorphine-3.png,etomorphine
Etomorphine-5.png,etomorphine
Etomorphine.png,etomorphine
Etonitazine-3.png,etonitazine
Etonitazine-4.png,etonitazine
Etonitazine-5.png,etonitazine
Etorphine-1.png,etorphine
Etorphine-3.png,etorphine
Etorphine-4.png,etorphine
Etorphine-5.png,etorphine
Evogen-1.png,evogen
Evogen-2.png,evogen
Evogen-3.png,evogen
Evogen-4.png,evogen
Evogen-5.png,evogen
Evogen.png,evogen
Faramycitine-1.png,faramycitine
Faramycitine-2.png,faramycitine
Faramycitine-3.png,faramycitine
Faramycitine-5.png,faramycitine
Faramycitine.png,faramycitine
Fentanyl-2.png,fentanyl
Fentanyl-4.png,fentanyl
Fentanyl-5.png,fentanyl
Flurazepam-1.png,flurazepam
Flurazepam-2.png,flurazepam
Flurazepam-3.png,flurazepam
Flurazepam-4.png,flurazepam
Flurazepam.png,flurazepam
Frusemide-1.png,frusemide
Frusemide-2.png,frusemide
Frusemide-3.png,frusemide
Frusemide-4.png,frusemide
Frusemide-5.png,frusemide
Frusemide.png,frusemide
Gelsimium Alcalide-1.png,gelsimium alcalide
Gelsimium Alcalide-2.png,gelsimium alcalide
Gelsimium Alcalide-4.png,gelsimium alcalide
Gelsimium Alcalide-5.png,gelsimium alcalide
Gelsimium Alcalide.png,gelsimium alcalide
Gentamycin-1.png,gentamycin
Gentamycin-2.png,gentamycin
Gentamycin-4.png,gentamycin
Gentamycin-5.png,gentamycin
Gentamycin.png,gentamycin
Glutethiamide-1.png,glutethiamide
Glutethiamide-3.png,glutethiamide
Glutethiamide-4.png,glutethiamide
Glutethiamide-5.png,glutethiamide
Glutethiamide.png,glutethiamide
Glutethimide-1.png,glutethimide
Glutethimide-2.png,glutethimide
Glutethimide-3.png,glutethimide
Glutethimide-5.png,glutethimide
Glutethimide.png,glutethimide
Glyceryl Trinitrate-2.png,glyceryl trinitrate
Glyceryl Trinitrate-3.png,glyceryl trinitrate
Glyceryl Trinitrate-4.png,glyceryl trinitrate
Glyceryl Trinitrate-5.png,glyceryl trinitrate
Glyceryl Trinitrate.png,glyceryl trinitrate
Gramicidine-1.png,gramicidine
Gramicidine-2.png,gramicidine
Gramicidine-4.png,gramicidine
Gramicidine-5.png,gramicidine
Griseofulvin-1.png,griseofulvin
Griseofulvin-2.png,griseofulvin
Griseofulvin-3.png,griseofulvin
Griseofulvin-4.png,griseofulvin
Griseofulvin.png,griseofulvin
Guanidine-1.png,guanidine
Guanidine-2.png,guanidine
Guanidine-4.png,guanidine
Guanidine-5.png,guanidine
Guanidine.png,guanidine
Gyalavine-1.png,gyalavine
Gyalavine-3.png,gyalavine
Gyalavine-4.png,gyalavine
Gyalavine-5.png,gyalavine
Haloperidol-1.png,haloperidol
Haloperidol-3.png,haloperidol
Haloperidol-4.png,haloperidol
Haloperidol-5.png,haloperidol
Halothane-1.png,halothane
Halothane-2.png,halothane
Halothane-4.png,halothane
Halothane-5.png,halothane
Halothane.png,halothane
Hermons _–-1.png,hermons _-
Hermons _–-3.png,hermons _-
Hermons _–-4.png,hermons _-
Hermons _–-5.png,hermons _-
Hermons _–.png,hermons _-
Heroine or Diacetyl morphine-1.png,heroine or diacetyl morphine
Heroine or Diacetyl morphine-2.png,heroine or diacetyl morphine
Heroine or Diacetyl morphine-4.png,heroine or diacetyl morphine
Heroine or Diacetyl morphine-5.png,heroine or diacetyl morphine
Heroine or Diacetyl morphine.png,heroine or diacetyl morphine
Hexocyclian Methyl Sulphate-1.png,hexocyclian methyl sulphate
Hexocyclian Methyl Sulphate-2.png,hexocyclian methyl sulphate
Hexocyclian Methyl Sulphate-3.png,hexocyclian methyl sulphate
Hexocyclian Methyl Sulphate-4.png,hexocyclian methyl sulphate
Hexocyclian Methyl Sulphate-5.png,hexocyclian methyl sulphate
Hexocyclian Methyl Sulphate.png,hexocyclian methyl sulphate
Hiparin-1.png,hiparin
Hiparin-2.png,hiparin
Hiparin-3.png,hiparin
Hiparin-4.png,hiparin
Hydentwine-2.png,hydentwine
Hydentwine-3.png,hydentwine
Hydentwine-4.png,hydentwine
Hydro morphone-1.png,hydro morphone
Hydro morphone-2.png,hydro morphone
Hydro morphone-3.png,hydro morphone
Hydro morphone-4.png,hydro morphone
Hydro morphone.png,hydro morphone
Hydrocartisone-2.png,hydrocartisone
Hydrocartisone-3.png,hydrocartisone
Hydrocartisone-4.png,hydrocartisone
Hydrocartisone-5.png,hydrocartisone
Hydrocartisone.png,hydrocartisone
Hydrochlorothiazide-1.png,hydrochlorothiazide
Hydrochlorothiazide-2.png,hydrochlorothiazide
Hydrochlorothiazide-3.png,hydrochlorothiazide
Hydrochlorothiazide-4.png,hydrochlorothiazide
Hydrolazine Injection-1.png,hydrolazine injection
Hydrolazine Injection-2.png,hydrolazine injection
Hydrolazine Injection-5.png,hydrolazine injection
Hydrolazine Injection.png,hydrolazine injection
Hydroxizine-1.png,hydroxizine
Hydroxizine-2.png,hydroxizine
Hydroxizine-3.png,hydroxizine
Hydroxizine-4.png,hydroxizine
Hydroxizine-5.png,hydroxizine
Hydroxizine.png,hydroxizine
Hydroxy pethidine-1.png,hydroxy pethidine
Hydroxy pethidine-2.png,hydroxy pethidine
Hydroxy pethidine-4.png,hydroxy pethidine
Hydroxy pethidine-5.png,hydroxy pethidine
Hydroxy pethidine.png,hydroxy pethidine
Iletarium-1.png,iletarium
Iletarium-4.png,iletarium
Iletarium-5.png,iletarium
Iletarium.png,iletarium
Imetine-2.png,imetine
Imetine-4.png,imetine
Imetine-5.png,imetine
Imetine.png,imetine
Insulin-1.png,insulin
Insulin-3.png,insulin
Insulin-4.png,insulin
Insulin-5.png,insulin
Insulin.png,insulin
Iopanoic Acid-1.png,iopanoic acid
Iopanoic Acid-3.png,iopanoic acid
Iopanoic Acid-4.png,iopanoic acid
Iopanoic Acid-5.png,iopanoic acid
Iopanoic Acid.png,iopanoic acid
Iserine-1.png,iserine
Iserine-3.png,iserine
Iserine-4.png,iserine
Iserine-5.png,iserine
Iserine.png,iserine
Iso prenaline-1.png,iso prenaline
Iso prenaline-2.png,iso prenaline
Iso prenaline-3.png,iso prenaline
Iso prenaline-4.png,iso prenaline
Iso prenaline-5.png,iso prenaline
Iso prenaline.png,iso prenaline
Isocarboxazid-2.png,isocarboxazid
Isocarboxazid-5.png,isocarboxazid
Isocarboxazid.png,isocarboxazid
Isoniazid-1.png,isoniazid
Isoniazid-2.png,isoniazid
Isoniazid-4.png,isoniazid
Isoniazid-5.png,isoniazid
Isoniazid.png,isoniazid
Isonicotinic Acid Hydrozide and It’s Derivative-1.png,isonicotinic acid hydrozide and it's derivative
Isonicotinic Acid Hydrozide and It’s Derivative-3.png,isonicotinic acid hydrozide and it's derivative
Isonicotinic Acid Hydrozide and It’s Derivative-4.png,isonicotinic acid hydrozide and it's derivative
Isonicotinic Acid Hydrozide and It’s Derivative-5.png,isonicotinic acid hydrozide and it's derivative
Isonicotinic Acid Hydrozide and It’s Derivative.png,isonicotinic acid hydrozide and it's derivative
Isosorbide Dinitrate or sorbide Nitrate-2.png,isosorbide dinitrate or sorbide nitrate
Isosorbide Dinitrate or sorbide Nitrate-3.png,isosorbide dinitrate or sorbide nitrate
Isosorbide Dinitrate or sorbide Nitrate-5.png,isosorbide dinitrate or sorbide nitrate
Isosuprine-2.png,isosuprine
Isosuprine-3.png,isosuprine
Isosuprine-5.png,isosuprine
Lead and it’s compound-1.png,lead and it's compound
Lead and it’s compound-3.png,lead and it's compound
Lead and it’s compound-4.png,lead and it's compound
Lead and it’s compound-5.png,lead and it's compound
Lead and it’s compound.png,lead and it's compound
Leaocane-1.png,leaocane
Leaocane-2.png,leaocane
Leaocane-3.png,leaocane
Leaocane-5.png,leaocane
Leaocane.png,leaocane
Levarphanole-1.png,levarphanole
Levarphanole-3.png,levarphanole
Levarphanole-5.png,levarphanole
Levarphanole.png,levarphanole
Levo metharphan-1.png,levo metharphan
Levo metharphan-2.png,levo metharphan
Levo metharphan-3.png,levo metharphan
Levo phenacylemorphan-3.png,levo phenacylemorphan
Levo phenacylemorphan-4.png,levo phenacylemorphan
Levo phenacylemorphan.png,levo phenacylemorphan
Levodopa-1.png,levodopa
Levodopa-2.png,levodopa
Levodopa-5.png,levodopa
Levodopa.png,levodopa
Levomoramide-2.png,levomoramide
Levomoramide-3.png,levomoramide
Levomoramide-4.png,levomoramide
Levomoramide.png,levomoramide
Liverternal-2.png,liverternal
Liverternal-3.png,liverternal
Liverternal-4.png,liverternal
Liverternal-5.png,liverternal
Lobelia Alcolide-2.png,lobelia alcolide
Lobelia Alcolide-3.png,lobelia alcolide
Lobelia Alcolide-4.png,lobelia alcolide
Lobelia Alcolide-5.png,lobelia alcolide
Lobelia Alcolide.png,lobelia alcolide
Lodexium-2.png,lodexium
Lodexium-4.png,lodexium
Lodexium-5.png,lodexium
Lodexium.png,lodexium
Lorazepam-1.png,lorazepam
Lorazepam-4.png,lorazepam
Lorazepam-5.png,lorazepam
Lorazepam.png,lorazepam
Luracine-1.png,luracine
Luracine-2.png,luracine
Luracine-4.png,luracine
Luracine-5.png,luracine
Luracine.png,luracine
Lycergic Acid Amide-1.png,lycergic acid amide
Lycergic Acid Amide-2.png,lycergic acid amide
Lycergic Acid Amide-3.png,lycergic acid amide
Lycergic Acid Amide-4.png,lycergic acid amide
Lycergic Acid Amide-5.png,lycergic acid amide
Lycergic Acid Amide.png,lycergic acid amide
Lycergic Acid Diethylamide-2.png,lycergic acid diethylamide
Lycergic Acid Diethylamide-3.png,lycergic acid diethylamide
Lycergic Acid Diethylamide-4.png,lycergic acid diethylamide
Lycergic Acid Diethylamide-5.png,lycergic acid diethylamide
Lycergic Acid-3.png,lycergic acid
Lycergic Acid-4.png,lycergic acid
Lycergic Acid-5.png,lycergic acid
Lycergic Acid.png,lycergic acid
Mannitol Hexamitrate-1.png,mannitol hexamitrate
Mannitol Hexamitrate-2.png,mannitol hexamitrate
Mannitol Hexamitrate-4.png,mannitol hexamitrate
Mannitol Hexamitrate-5.png,mannitol hexamitrate
Marpheridine-1.png,marpheridine
Marpheridine-2.png,marpheridine
Marpheridine-3.png,marpheridine
Marpheridine-4.png,marpheridine
Marpheridine-5.png,marpheridine
Medazepam-1.png,medazepam
Medazepam-2.png,medazepam
Medazepam-5.png,medazepam
Medazepam.png,medazepam
Meprobamate-1.png,meprobamate
Meprobamate-2.png,meprobamate
Meprobamate-3.png,meprobamate
Meprobamate-5.png,meprobamate
Meprobamate.png,meprobamate
Meprovamet-1.png,meprovamet
Meprovamet-2.png,meprovamet
Meprovamet-4.png,meprovamet
Meprovamet-5.png,meprovamet
Mercury and It’s compound-1.png,mercury and it's compound
Mercury and It’s compound-2.png,mercury and it's compound
Mercury and It’s compound-3.png,mercury and it's compound
Mercury and It’s compound-4.png,mercury and it's compound
Mercury and It’s compound-5.png,mercury and it's compound
Mercury and It’s compound.png,mercury and it's compound
Mescyalin-1.png,mescyalin
Mescyalin-4.png,mescyalin
Mescyalin-5.png,mescyalin
Mescyalin.png,mescyalin
Metamezole-1.png,metamezole
Metamezole-4.png,metamezole
Metamezole-5.png,metamezole
Metamezole.png,metamezole
Metamorphine.png,metamorphine
Metazosin-1.png,metazosin
Metazosin-2.png,metazosin
Metazosin-3.png,metazosin
Metazosin-4.png,metazosin
Metazosin-5.png,metazosin
Methacoilan-1.png,methacoilan
Methacoilan-2.png,methacoilan
Methacoilan-4.png,methacoilan
Methacoilan-5.png,methacoilan
Methadone-1.png,methadone
Methadone-2.png,methadone
Methadone-3.png,methadone
Methadone-4.png,methadone
Methadone.png,methadone
Methamphetamin-2.png,methamphetamin
Methamphetamin-3.png,methamphetamin
Methamphetamin-4.png,methamphetamin
Methamphetamin-5.png,methamphetamin
Methamphetamin.png,methamphetamin
Methanol-1.png,methanol
Methanol-2.png,methanol
Methanol-3.png,methanol
Methanol-4.png,methanol
Methanol-5.png,methanol
Methiprilan-1.png,methiprilan
Methiprilan-2.png,methiprilan
Methohexital-1.png,methohexital
Methohexital-2.png,methohexital
Methohexital-3.png,methohexital
Methohexital-4.png,methohexital
Methohexital-5.png,methohexital
Methohexital.png,methohexital
Methosoximide-1.png,methosoximide
Methosoximide-2.png,methosoximide
Methosoximide-3.png,methosoximide
Methosoximide-4.png,methosoximide
Methosoximide.png,methosoximide
Methotrexate-1.png,methotrexate
Methotrexate-3.png,methotrexate
Methotrexate-4.png,methotrexate
Methotrexate-5.png,methotrexate
Methotrexate.png,methotrexate
Methyl Chlorothiazide-1.png,methyl chlorothiazide
Methyl Chlorothiazide-2.png,methyl chlorothiazide
Methyl Chlorothiazide-3.png,methyl chlorothiazide
Methyl Chlorothiazide-4.png,methyl chlorothiazide
Methyl Chlorothiazide-5.png,methyl chlorothiazide
Methyl Chlorothiazide.png,methyl chlorothiazide
Methyl Pheno Barbital-1.png,methyl pheno barbital
Methyl Pheno Barbital-2.png,methyl pheno barbital
Methyl Pheno Barbital-3.png,methyl pheno barbital
Methyl Pheno Barbital-4.png,methyl pheno barbital
Methyl Pheno Barbital-5.png,methyl pheno barbital
Methyl Pheno Barbital.png,methyl pheno barbital
Methyl desarphine-1.png,methyl desarphine
Methyl desarphine-2.png,methyl desarphine
Methyl desarphine-3.png,methyl desarphine
Methyl desarphine-5.png,methyl desarphine
Methyl dihydromerphine-2.png,methyl dihydromerphine
Methyl dihydromerphine-3.png,methyl dihydromerphine
Methyl dihydromerphine-5.png,methyl dihydromerphine
Methyl dihydromerphine.png,methyl dihydromerphine
Methyl phenidet-1.png,methyl phenidet
Methyl phenidet-3.png,methyl phenidet
Methyl phenidet-4.png,methyl phenidet
Methyl phenidet-5.png,methyl phenidet
Methyl phenidet.png,methyl phenidet
Methyldopa-1.png,methyldopa
Methyldopa-3.png,methyldopa
Methyldopa-4.png,methyldopa
Methyldopa-5.png,methyldopa
Methyldopa.png,methyldopa
Midazolam-2.png,midazolam
Midazolam-3.png,midazolam
Midazolam-4.png,midazolam
Midazolam.png,midazolam
Monomustin Hydrochloride-1.png,monomustin hydrochloride
Monomustin Hydrochloride-2.png,monomustin hydrochloride
Monomustin Hydrochloride-3.png,monomustin hydrochloride
Monomustin Hydrochloride-4.png,monomustin hydrochloride
Monomustin Hydrochloride-5.png,monomustin hydrochloride
Monomustin Hydrochloride.png,monomustin hydrochloride
Moramide-2.png,moramide
Moramide-3.png,moramide
Moramide-4.png,moramide
Moramide-5.png,moramide
Moramide.png,moramide
Morphine Methyl Bromide-1.png,morphine methyl bromide
Morphine Methyl Bromide-2.png,morphine methyl bromide
Morphine Methyl Bromide-3.png,morphine methyl bromide
Morphine Methyl Bromide-4.png,morphine methyl bromide
Morphine Methyl Bromide-5.png,morphine methyl bromide
Morphine Methyl Bromide.png,morphine methyl bromide
Morphine Methyl Salphonet-2.png,morphine methyl salphonet
Morphine Methyl Salphonet-3.png,morphine methyl salphonet
Morphine Methyl Salphonet-4.png,morphine methyl salphonet
Morphine Methyl Salphonet-5.png,morphine methyl salphonet
Morphine Methyl Salphonet.png,morphine methyl salphonet
Morphine-1.png,morphine
Morphine-2.png,morphine
Morphine-3.png,morphine
Morphine-4.png,morphine
Morphine-5.png,morphine
Morphine.png,morphine
Morphine–N–oxide-1.png,morphine-n-oxide
Morphine–N–oxide-2.png,morphine-n-oxide
Morphine–N–oxide-3.png,morphine-n-oxide
Morphine–N–oxide-4.png,morphine-n-oxide
Morphine–N–oxide-5.png,morphine-n-oxide
Mustin Hydrochloride-1.png,mustin hydrochloride
Mustin Hydrochloride-3.png,mustin hydrochloride
Mustin Hydrochloride-4.png,mustin hydrochloride
Mustin Hydrochloride-5.png,mustin hydrochloride
Mustin Hydrochloride.png,mustin hydrochloride
Myrophine-2.png,myrophine
Myrophine-4.png,myrophine
Myrophine-5.png,myrophine
Myrophine.png,myrophine
M–Methyl–3 pipradyle Bengilet-1.png,m-methyl-3 pipradyle bengilet
M–Methyl–3 pipradyle Bengilet-2.png,m-methyl-3 pipradyle bengilet
M–Methyl–3 pipradyle Bengilet-3.png,m-methyl-3 pipradyle bengilet
M–Methyl–3 pipradyle Bengilet-4.png,m-methyl-3 pipradyle bengilet
M–Methyl–3 pipradyle Bengilet-5.png,m-methyl-3 pipradyle bengilet
M–Methyl–3 pipradyle Bengilet.png,m-methyl-3 pipradyle bengilet
Naracymethadol-1.png,naracymethadol
Naracymethadol-2.png,naracymethadol
Naracymethadol-3.png,naracymethadol
Naracymethadol-4.png,naracymethadol
Naracymethadol-5.png,naracymethadol
Naracymethadol.png,naracymethadol
Narcodeine-1.png,narcodeine
Narcodeine-2.png,narcodeine
Narcodeine-3.png,narcodeine
Narcodeine-4.png,narcodeine
Narcodeine-5.png,narcodeine
Narcodeine.png,narcodeine
Narliverphenol-1.png,narliverphenol
Narliverphenol-2.png,narliverphenol
Narliverphenol-3.png,narliverphenol
Narliverphenol-4.png,narliverphenol
Narmethadone-1.png,narmethadone
Narmethadone-2.png,narmethadone
Narmethadone-5.png,narmethadone
Narmethadone.png,narmethadone
Narmorphine-1.png,narmorphine
Narmorphine-2.png,narmorphine
Narmorphine-3.png,narmorphine
Narmorphine-4.png,narmorphine
Narmorphine-5.png,narmorphine
Narmorphine.png,narmorphine
Narpipanone-1.png,narpipanone
Narpipanone-2.png,narpipanone
Narpipanone-4.png,narpipanone
Navobiocin-1.png,navobiocin
Navobiocin-2.png,navobiocin
Navobiocin-3.png,navobiocin
Navobiocin-4.png,navobiocin
Navobiocin-5.png,navobiocin
Navobiocin.png,navobiocin
Neo mycin-2.png,neo mycin
Neo mycin-3.png,neo mycin
Neo mycin-4.png,neo mycin
Neo mycin-5.png,neo mycin
Neostigmine-1.png,neostigmine
Neostigmine-5.png,neostigmine
Neostigmine.png,neostigmine
Nico morphine-1.png,nico morphine
Nico morphine-3.png,nico morphine
Nico morphine-4.png,nico morphine
Nico morphine-5.png,nico morphine
Nico morphine.png,nico morphine
Nicocodeine-1.png,nicocodeine
Nicocodeine-2.png,nicocodeine
Nicocodeine-3.png,nicocodeine
Nicocodeine-4.png,nicocodeine
Nicocodeine-5.png,nicocodeine
Nicotine-1.png,nicotine
Nicotine-4.png,nicotine
Nicotine-5.png,nicotine
Nistatin-1.png,nistatin
Nistatin-2.png,nistatin
Nistatin-4.png,nistatin
Nitrazepam-1.png,nitrazepam
Nitrazepam-3.png,nitrazepam
Nitrazepam-5.png,nitrazepam
Nitrazepam.png,nitrazepam
Nitrofurantoin-1.png,nitrofurantoin
Nitrofurantoin-3.png,nitrofurantoin
Nitrofurantoin-4.png,nitrofurantoin
Nitrofurantoin.png,nitrofurantoin
Nitrous Oxide-1.png,nitrous oxide
Nitrous Oxide-3.png,nitrous oxide
Nitrous Oxide-4.png,nitrous oxide
Nitrous Oxide-5.png,nitrous oxide
Nitrous Oxide.png,nitrous oxide
Norethisterone-4.png,norethisterone
Norethisterone-5.png,norethisterone
Norethisterone.png,norethisterone
Noxmomica and Its Alcolides-1.png,noxmomica and its alcolides
Noxmomica and Its Alcolides-2.png,noxmomica and its alcolides
Noxmomica and Its Alcolides-3.png,noxmomica and its alcolides
Noxmomica and Its Alcolides.png,noxmomica and its alcolides
Nullophine-1.png,nullophine
Nullophine-2.png,nullophine
Nullophine-3.png,nullophine
Nullophine.png,nullophine
N–ethyl–3 piparidyle Benzilet-1.png,n-ethyl-3 piparidyle benzilet
N–ethyl–3 piparidyle Benzilet-3.png,n-ethyl-3 piparidyle benzilet
N–ethyl–3 piparidyle Benzilet-4.png,n-ethyl-3 piparidyle benzilet
N–ethyl–3 piparidyle Benzilet-5.png,n-ethyl-3 piparidyle benzilet
N–ethyl–3 piparidyle Benzilet.png,n-ethyl-3 piparidyle benzilet
Olindomycin-2.png,olindomycin
Olindomycin-3.png,olindomycin
Olindomycin-4.png,olindomycin
Olindomycin-5.png,olindomycin
Olindomycin.png,olindomycin
Opium-1.png,opium
Opium-2.png,opium
Opium-3.png,opium
Opium-4.png,opium
Opium-5.png,opium
Opium.png,opium
Orthocaine-1.png,orthocaine
Orthocaine-2.png,orthocaine
Orthocaine-3.png,orthocaine
Orthocaine-4.png,orthocaine
Orthocaine-5.png,orthocaine
Orthocaine.png,orthocaine
Oxazepam-3.png,oxazepam
Oxazepam-4.png,oxazepam
Oxazepam-5.png,oxazepam
Oxazolam-1.png,oxazolam
Oxazolam-2.png,oxazolam
Oxazolam-3.png,oxazolam
Oxazolam.png,oxazolam
Oxazolidine-1.png,oxazolidine
Oxazolidine-2.png,oxazolidine
Oxazolidine-3.png,oxazolidine
Oxazolidine-4.png,oxazolidine
Oxazolidine-5.png,oxazolidine
Oxazolidine.png,oxazolidine
Oxiphen Butazone-1.png,oxiphen butazone
Oxiphen Butazone-3.png,oxiphen butazone
Oxiphen Butazone-4.png,oxiphen butazone
Oxiphen Butazone.png,oxiphen butazone
Oxitocin-1.png,oxitocin
Oxitocin-2.png,oxitocin
Oxitocin-3.png,oxitocin
Oxitocin-4.png,oxitocin
Oxitocin-5.png,oxitocin
Oxitocin.png,oxitocin
Oxymorphone-1.png,oxymorphone
Oxymorphone-2.png,oxymorphone
Oxymorphone-3.png,oxymorphone
Oxymorphone-4.png,oxymorphone
Oxymorphone-5.png,oxymorphone
Oxymorphone.png,oxymorphone
Paraldihyde-2.png,paraldihyde
Paraldihyde-3.png,paraldihyde
Paraldihyde-4.png,paraldihyde
Paraldihyde-5.png,paraldihyde
Paraldihyde.png,paraldihyde
Paraleadoxin-1.png,paraleadoxin
Paraleadoxin-2.png,paraleadoxin
Paraleadoxin-3.png,paraleadoxin
Paraleadoxin-4.png,paraleadoxin
Paraleadoxin-5.png,paraleadoxin
Paraleadoxin.png,paraleadoxin
Paramethadione-2.png,paramethadione
Paramethadione-3.png,paramethadione
Paramethadione-4.png,paramethadione
Paramethadione.png,paramethadione
Paraminosolisilic Acid-1.png,paraminosolisilic acid
Paraminosolisilic Acid-2.png,paraminosolisilic acid
Paraminosolisilic Acid-3.png,paraminosolisilic acid
Paraminosolisilic Acid-4.png,paraminosolisilic acid
Paraminosolisilic Acid-5.png,paraminosolisilic acid
Paraminosolisilic Acid.png,paraminosolisilic acid
Paramomycin-2.png,paramomycin
Paramomycin-3.png,paramomycin
Paramomycin-4.png,paramomycin
Paramomycin-5.png,paramomycin
Paramomycin.png,paramomycin
Pecazine-1.png,pecazine
Pecazine-2.png,pecazine
Pecazine-3.png,pecazine
Pecazine-4.png,pecazine
Pecazine-5.png,pecazine
Pecazine.png,pecazine
Pempidine-2.png,pempidine
Pempidine-3.png,pempidine
Pempidine-4.png,pempidine
Pempidine.png,pempidine
Penicillin and its penicillins-1.png,penicillin and its penicillins
Penicillin and its penicillins-2.png,penicillin and its penicillins
Penicillin and its penicillins-3.png,penicillin and its penicillins
Penicillin and its penicillins-4.png,penicillin and its penicillins
Penicillin and its penicillins-5.png,penicillin and its penicillins
Penicillin and its penicillins.png,penicillin and its penicillins
Pentamidine-1.png,pentamidine
Pentamidine-2.png,pentamidine
Pentamidine-3.png,pentamidine
Pentamidine-5.png,pentamidine
Pentazocine-1.png,pentazocine
Pentazocine-2.png,pentazocine
Pentazocine-3.png,pentazocine
Pentazocine-4.png,pentazocine
Pentazocine-5.png,pentazocine
Pentazocine.png,pentazocine
Pentobarbital-1.png,pentobarbital
Pentobarbital-2.png,pentobarbital
Pentobarbital-3.png,pentobarbital
Pentobarbital-4.png,pentobarbital
Pentobarbital-5.png,pentobarbital
Pentobarbital.png,pentobarbital
Pethidine-1.png,pethidine
Pethidine-2.png,pethidine
Pethidine-3.png,pethidine
Pethidine-4.png,pethidine
Pethidine-5.png,pethidine
Pethidine.png,pethidine
Petrichloral-1.png,petrichloral
Petrichloral-2.png,petrichloral
Petrichloral-3.png,petrichloral
Petrichloral-4.png,petrichloral
Petrichloral-5.png,petrichloral
Petrichloral.png,petrichloral
Peyot-1.png,peyot
Peyot-2.png,peyot
Peyot-3.png,peyot
Peyot-4.png,peyot
Peyot-5.png,peyot
Peyot.png,peyot
Phenadoxon-1.png,phenadoxon
Phenadoxon-2.png,phenadoxon
Phenadoxon-3.png,phenadoxon
Phenadoxon-4.png,phenadoxon
Phenadoxon-5.png,phenadoxon
Phenadoxon.png,phenadoxon
Phenampromide-1.png,phenampromide
Phenampromide-2.png,phenampromide
Phenampromide-3.png,phenampromide
Phenampromide-4.png,phenampromide
Phenampromide-5.png,phenampromide
Phenampromide.png,phenampromide
Phenazocine-1.png,phenazocine
Phenazocine-2.png,phenazocine
Phenazocine-3.png,phenazocine
Phenazocine-4.png,phenazocine
Phenazocine-5.png,phenazocine
Phenazocine.png,phenazocine
Phencyclidine-1.png,phencyclidine
Phencyclidine-2.png,phencyclidine
Phencyclidine-3.png,phencyclidine
Phencyclidine-4.png,phencyclidine
Phencyclidine-5.png,phencyclidine
Phencyclidine.png,phencyclidine
Phenmetrazine-1.png,phenmetrazine
Phenmetrazine-2.png,phenmetrazine
Phenmetrazine-3.png,phenmetrazine
Phenmetrazine-4.png,phenmetrazine
Phenmetrazine-5.png,phenmetrazine
Phenmetrazine.png,phenmetrazine
Phennformin-1.png,phennformin
Phennformin-2.png,phennformin
Phennformin-3.png,phennformin
Phennformin-4.png,phennformin
Phennformin-5.png,phennformin
Phennformin.png,phennformin
Pheno Barbital-1.png,pheno barbital
Pheno Barbital-2.png,pheno barbital
Pheno Barbital-3.png,pheno barbital
Pheno Barbital-4.png,pheno barbital
Pheno Barbital-5.png,pheno barbital
Pheno Barbital.png,pheno barbital
Phenobarbital-1.png,phenobarbital
Phenobarbital-2.png,phenobarbital
Phenobarbital-3.png,phenobarbital
Phenobarbital-4.png,phenobarbital
Phenobarbital-5.png,phenobarbital
Phenobarbital.png,phenobarbital
Phenomorphan-1.png,phenomorphan
Phenomorphan-2.png,phenomorphan
Phenomorphan-3.png,phenomorphan
Phenomorphan-4.png,phenomorphan
Phenomorphan-5.png,phenomorphan
Phenomorphan.png,phenomorphan
Phenoperidine-1.png,phenoperidine
Phenoperidine-2.png,phenoperidine
Phenoperidine-3.png,phenoperidine
Phenoperidine-4.png,phenoperidine
Phenoperidine-5.png,phenoperidine
Phenoperidine.png,phenoperidine
Phensoximide-1.png,phensoximide
Phensoximide-2.png,phensoximide
Phensoximide-3.png,phensoximide
Phensoximide-4.png,phensoximide
Phensoximide-5.png,phensoximide
Phensoximide.png,phensoximide
Phentanyle-1.png,phentanyle
Phentanyle-2.png,phentanyle
Phentanyle-3.png,phentanyle
Phentanyle-4.png,phentanyle
Phentanyle-5.png,phentanyle
Phentanyle.png,phentanyle
Phentermine-1.png,phentermine
Phentermine-2.png,phentermine
Phentermine-3.png,phentermine
Phentermine-4.png,phentermine
Phentermine-5.png,phentermine
Phentermine.png,phentermine
Phentolamine-1.png,phentolamine
Phentolamine-2.png,phentolamine
Phentolamine-3.png,phentolamine
Phentolamine-4.png,phentolamine
Phentolamine-5.png,phentolamine
Phentolamine.png,phentolamine
Phenyl Acetyl Urea-1.png,phenyl acetyl urea
Phenyl Acetyl Urea-2.png,phenyl acetyl urea
Phenyl Acetyl Urea-3.png,phenyl acetyl urea
Phenyl Acetyl Urea-4.png,phenyl acetyl urea
Phenyl Acetyl Urea-5.png,phenyl acetyl urea
Phenyl Acetyl Urea.png,phenyl acetyl urea
Phenyl Butazone-1.png,phenyl butazone
Phenyl Butazone-2.png,phenyl butazone
Phenyl Butazone-3.png,phenyl butazone
Phenyl Butazone-4.png,phenyl butazone
Phenyl Butazone-5.png,phenyl butazone
Phenyl Butazone.png,phenyl butazone
Phenyl Cinchoninic Acid-1.png,phenyl cinchoninic acid
Phenyl Cinchoninic Acid-2.png,phenyl cinchoninic acid
Phenyl Cinchoninic Acid-3.png,phenyl cinchoninic acid
Phenyl Cinchoninic Acid-4.png,phenyl cinchoninic acid
Phenyl Cinchoninic Acid-5.png,phenyl cinchoninic acid
Phenyl Cinchoninic Acid.png,phenyl cinchoninic acid
Phenylzine-1.png,phenylzine
Phenylzine-2.png,phenylzine
Phenylzine-3.png,phenylzine
Phenylzine-4.png,phenylzine
Phenylzine-5.png,phenylzine
Phenylzine.png,phenylzine
Phethidene-1.png,phethidene
Phethidene-2.png,phethidene
Phethidene-3.png,phethidene
Phethidene-4.png,phethidene
Phethidene-5.png,phethidene
Phethidene.png,phethidene
Phitobemidone-1.png,phitobemidone
Phitobemidone-2.png,phitobemidone
Phitobemidone-3.png,phitobemidone
Phitobemidone-4.png,phitobemidone
Phitobemidone-5.png,phitobemidone
Phitobemidone.png,phitobemidone
Pholcodine-1.png,pholcodine
Pholcodine-2.png,pholcodine
Pholcodine-3.png,pholcodine
Pholcodine-4.png,pholcodine
Pholcodine-5.png,pholcodine
Pholcodine.png,pholcodine
Phurethidine-1.png,phurethidine
Phurethidine-2.png,phurethidine
Phurethidine-3.png,phurethidine
Phurethidine-4.png,phurethidine
Phurethidine-5.png,phurethidine
Phurethidine.png,phurethidine
Phytomenadione-1.png,phytomenadione
Phytomenadione-2.png,phytomenadione
Phytomenadione-3.png,phytomenadione
Phytomenadione-4.png,phytomenadione
Phytomenadione-5.png,phytomenadione
Pilocarpine-1.png,pilocarpine
Pilocarpine-2.png,pilocarpine
Pilocarpine-3.png,pilocarpine
Pilocarpine-4.png,pilocarpine
Pilocarpine-5.png,pilocarpine
Pilocarpine.png,pilocarpine
Piminodine-1.png,piminodine
Piminodine-2.png,piminodine
Piminodine-3.png,piminodine
Piminodine-4.png,piminodine
Piminodine-5.png,piminodine
Piminodine.png,piminodine
Piritramide-1.png,piritramide
Piritramide-2.png,piritramide
Piritramide-3.png,piritramide
Piritramide-4.png,piritramide
Piritramide-5.png,piritramide
Piritramide.png,piritramide
Pitutory Extract-1.png,pitutory extract
Pitutory Extract-2.png,pitutory extract
Pitutory Extract-3.png,pitutory extract
Pitutory Extract-4.png,pitutory extract
Pitutory Extract-5.png,pitutory extract
Pitutory Extract.png,pitutory extract
Polymyxcin B-1.png,polymyxcin b
Polymyxcin B-2.png,polymyxcin b
Polymyxcin B-3.png,polymyxcin b
Polymyxcin B-4.png,polymyxcin b
Polymyxcin B-5.png,polymyxcin b
Polymyxcin B.png,polymyxcin b
Polytheouracil-1.png,polytheouracil
Polytheouracil-2.png,polytheouracil
Polytheouracil-3.png,polytheouracil
Polytheouracil-4.png,polytheouracil
Polytheouracil-5.png,polytheouracil
Polytheouracil.png,polytheouracil
Polythiazide-1.png,polythiazide
Polythiazide-2.png,polythiazide
Polythiazide-3.png,polythiazide
Polythiazide-4.png,polythiazide
Polythiazide-5.png,polythiazide
Polythiazide.png,polythiazide
Pomegrenet Alcolides-1.png,pomegrenet alcolides
Pomegrenet Alcolides-2.png,pomegrenet alcolides
Pomegrenet Alcolides-3.png,pomegrenet alcolides
Pomegrenet Alcolides-4.png,pomegrenet alcolides
Pomegrenet Alcolides-5.png,pomegrenet alcolides
Pomegrenet Alcolides.png,pomegrenet alcolides
Prazepam-1.png,prazepam
Prazepam-2.png,prazepam
Prazepam-3.png,prazepam
Prazepam-4.png,prazepam
Prazepam-5.png,prazepam
Prazepam.png,prazepam
Primaquine-1.png,primaquine
Primaquine-2.png,primaquine
Primaquine-3.png,primaquine
Primaquine-4.png,primaquine
Primaquine-5.png,primaquine
Primaquine.png,primaquine
Probenicid-1.png,probenicid
Probenicid-2.png,probenicid
Probenicid-3.png,probenicid
Probenicid-4.png,probenicid
Probenicid-5.png,probenicid
Probenicid.png,probenicid
Procainamide-1.png,procainamide
Procainamide-2.png,procainamide
Procainamide-3.png,procainamide
Procainamide-4.png,procainamide
Procainamide-5.png,procainamide
Procainamide.png,procainamide
Procaine-1.png,procaine
Procaine-2.png,procaine
Procaine-3.png,procaine
Procaine-4.png,procaine
Procaine-5.png,procaine
Procaine.png,procaine
Prochloro Perazine-1.png,prochloro perazine
Prochloro Perazine-2.png,prochloro perazine
Prochloro Perazine-3.png,prochloro perazine
Prochloro Perazine-4.png,prochloro perazine
Prochloro Perazine-5.png,prochloro perazine
Prochloro Perazine.png,prochloro perazine
Proheptazin-1.png,proheptazin
Proheptazin-2.png,proheptazin
Proheptazin-3.png,proheptazin
Proheptazin-4.png,proheptazin
Proheptazin-5.png,proheptazin
Proheptazin.png,proheptazin
Promethazine Hydrochloride-4.png,promethazine hydrochloride
Promethazine Hydrochloride.png,promethazine hydrochloride
Proparidine.png,proparidine
Prophen Pyridomine-1.png,prophen pyridomine
Prophen Pyridomine-4.png,prophen pyridomine
Prophen Pyridomine.png,prophen pyridomine
Propoxyphine-2.png,propoxyphine
Propoxyphine-5.png,propoxyphine
Propoxyphine.png,propoxyphine
Protamine Sulphate.png,protamine sulphate
Provazine-4.png,provazine
Provazine-5.png,provazine
Provazine.png,provazine
Pyridostigmine-3.png,pyridostigmine
Pyridostigmine.png,pyridostigmine
Pyrivinium.png,pyrivinium
Pyrizinamide-5.png,pyrizinamide
Pyrizinamide.png,pyrizinamide
Quinidine-4.png,quinidine
Quinidine.png,quinidine
Raolphia Alcolides-1.png,raolphia alcolides
Raolphia Alcolides-4.png,raolphia alcolides
Raolphia Alcolides.png,raolphia alcolides
Recimeatharphan-1.png,recimeatharphan
Recimeatharphan-4.png,recimeatharphan
Recimeatharphan.png,recimeatharphan
Recimoramide.png,recimoramide
Recimorphan-5.png,recimorphan
Recimorphan.png,recimorphan
Rifampin-2.png,rifampin
Rifampin-5.png,rifampin
Rifampin.png,rifampin
Sabidila Alcolide.png,sabidila alcolide
Sera-5.png,sera
Sera.png,sera
Serum Protein-3.png,serum protein
Serum Protein-5.png,serum protein
Sodium Amidotrizoate-1.png,sodium amidotrizoate
Sodium Amidotrizoate-3.png,sodium amidotrizoate
Sodium Amidotrizoate.png,sodium amidotrizoate
Spironolactone-1.png,spironolactone
Spironolactone-4.png,spironolactone
Spironolactone-5.png,spironolactone
Spironolactone.png,spironolactone
Spyromycin-1.png,spyromycin
Spyromycin.png,spyromycin
Stilbocaptate-1.png,stilbocaptate
Stilbocaptate.png,stilbocaptate
Stilboglucogate.png,stilboglucogate
Streptomycin-4.png,streptomycin
Streptomycin-5.png,streptomycin
Streptomycin.png,streptomycin
Sulfadoxine-2.png,sulfadoxine
Sulfadoxine.png,sulfadoxine
Sulfameopyrazin.png,sulfameopyrazin
Sulfamethoxazole-1.png,sulfamethoxazole
Sulfamethoxazole.png,sulfamethoxazole
Sulfamethoxine-4.png,sulfamethoxine
Sulfamethoxine-5.png,sulfamethoxine
Sulfamethoxine.png,sulfamethoxine
Sulfamethoxy Pyridizine.png,sulfamethoxy pyridizine
Sulfasalazine-1.png,sulfasalazine
Sulfasalazine.png,sulfasalazine
Sulfasomizole.png,sulfasomizole
Sulfaurazole-1.png,sulfaurazole
Sulfaurazole-3.png,sulfaurazole
Sulfaurazole.png,sulfaurazole
Sulphone Methene-1.png,sulphone methene
Sulphone Methene.png,sulphone methene
Sulphone diethyl Methene.png,sulphone diethyl methene
Suxamethonium.png,suxamethonium
Talbutamide-3.png,talbutamide
Talbutamide.png,talbutamide
Tetracycline and its Derivatives-4.png,tetracycline and its derivatives
Tetracycline and its Derivatives.png,tetracycline and its derivatives
Thalium.png,thalium
Theo Propazet-3.png,theo propazet
Theo Propazet.png,theo propazet
Theopental Sodium-4.png,theopental sodium
Theopental Sodium.png,theopental sodium
Thiacetazone-3.png,thiacetazone
Thiacetazone-5.png,thiacetazone
Thiacetazone.png,thiacetazone
Thiobendazole-4.png,thiobendazole
Thiobendazole-5.png,thiobendazole
Thiobendazole.png,thiobendazole
Toxin.png,toxin
Triamipramine.png,triamipramine
Triamterene-5.png,triamterene
Triamterene.png,triamterene
Trianyle Cipromine.png,trianyle cipromine
Triazolam-3.png,triazolam
Tribromethanol-1.png,tribromethanol
Tribromethanol-4.png,tribromethanol
Tribromethanol.png,tribromethanol
Triethanolamine.png,triethanolamine
Triethinyl Thayo phosphoramide-1.png,triethinyl thayo phosphoramide
Triethinyl Thayo phosphoramide-4.png,triethinyl thayo phosphoramide
Triethinyl Thayo phosphoramide.png,triethinyl thayo phosphoramide
Triflupromazine-4.png,triflupromazine
Triflupromazine.png,triflupromazine
Trihexyphenidyl-2.png,trihexyphenidyl
Trihexyphenidyl-5.png,trihexyphenidyl
Trihexyphenidyl.png,trihexyphenidyl
Trimeperidine.png,trimeperidine
Tropa cocane-1.png,tropa cocane
Tropa cocane-2.png,tropa cocane
Tropa cocane.png,tropa cocane
Troxidone.png,troxidone
Tuberculin-4.png,tuberculin
Tuberculin-5.png,tuberculin
Tuberculin.png,tuberculin
Vaso precin.png,vaso precin
Verapamil Injection-5.png,verapamil injection
Verapamil Injection.png,verapamil injection
Veratram Alcolide-1.png,veratram alcolide
Veratram Alcolide-2.png,veratram alcolide
Veratram Alcolide-4.png,veratram alcolide
Veratram Alcolide.png,veratram alcolide
Vinblastine.png,vinblastine
Vincristine-2.png,vincristine
Vincristine.png,vincristine
Viomycin.png,viomycin
Vitamin D. as Single preparation-5.png,vitamin d. as single preparation
Vitamin D. as Single preparation.png,vitamin d. as single preparation
Wacitracin.png,wacitracin
Warfarin-1.png,warfarin
Warfarin-2.png,warfarin
Warfarin-5.png,warfarin
Warfarin.png,warfarin
Yohimba Alcolide-2.png,yohimba alcolide
Yohimba Alcolide.png,yohimba alcolide
Zinc and it’s compound.png,zinc and it's compound
